FuncionarioID;NomeFuncionario;AnoVenda;TrimestreVenda;CupomID
2;Eli Preston;2014;3;10262
2;Eli Preston;2014;3;10287
2;Eli Preston;2014;3;10357
2;Eli Preston;2014;4;10278
2;Eli Preston;2014;4;10291
2;Eli Preston;2014;4;10296
2;Eli Preston;2014;4;10298
2;Eli Preston;2015;1;10271
2;Eli Preston;2015;1;10344
2;Eli Preston;2015;1;10347
2;Eli Preston;2015;1;10364
2;Eli Preston;2015;1;10365
2;Eli Preston;2015;1;10379
2;Eli Preston;2015;1;10381
2;Eli Preston;2015;2;10384
2;Eli Preston;2015;2;10405
2;Eli Preston;2015;2;10421
2;Eli Preston;2015;2;10435
2;Eli Preston;2015;2;10466
2;Eli Preston;2015;2;10471
2;Eli Preston;2015;3;10423
2;Eli Preston;2015;3;10460
2;Eli Preston;2015;3;10487
2;Eli Preston;2015;3;10521
2;Eli Preston;2015;4;10481
2;Eli Preston;2016;2;10254
2;Eli Preston;2016;3;10324
2;Eli Preston;2016;3;10406
2;Eli Preston;2016;3;10483
2;Eli Preston;2016;3;10496
2;Eli Preston;2016;3;10659
2;Eli Preston;2016;3;10716
2;Eli Preston;2016;3;10729
2;Eli Preston;2016;3;10752
2;Eli Preston;2016;4;10292
2;Eli Preston;2016;4;10308
2;Eli Preston;2016;4;10638
2;Eli Preston;2017;1;10512
2;Eli Preston;2017;1;10606
2;Eli Preston;2017;1;10685
2;Eli Preston;2017;1;10693
2;Eli Preston;2017;1;10704
2;Eli Preston;2017;1;10723
2;Eli Preston;2017;1;10759
2;Eli Preston;2017;2;10874
2;Eli Preston;2017;3;10294
2;Eli Preston;2017;3;10386
2;Eli Preston;2017;3;10819
2;Eli Preston;2017;3;10830
2;Eli Preston;2017;3;11057
2;Eli Preston;2017;4;10248
2;Eli Preston;2017;4;10250
2;Eli Preston;2017;4;10261
2;Eli Preston;2017;4;10283
2;Eli Preston;2017;4;10372
3;Rob Carsson;2014;4;10268
3;Rob Carsson;2015;1;10280
3;Rob Carsson;2015;1;10323
3;Rob Carsson;2015;1;10327
3;Rob Carsson;2015;1;10350
3;Rob Carsson;2015;1;10368
3;Rob Carsson;2015;1;10382
3;Rob Carsson;2015;2;10414
3;Rob Carsson;2015;2;10415
3;Rob Carsson;2015;2;10440
3;Rob Carsson;2015;2;10442
3;Rob Carsson;2015;2;10469
3;Rob Carsson;2015;2;10470
3;Rob Carsson;2015;2;10473
3;Rob Carsson;2015;2;10476
3;Rob Carsson;2015;2;10524
3;Rob Carsson;2015;3;10269
3;Rob Carsson;2015;3;10272
3;Rob Carsson;2015;3;10325
3;Rob Carsson;2015;3;10409
3;Rob Carsson;2015;3;10456
3;Rob Carsson;2015;3;10462
3;Rob Carsson;2015;3;10465
3;Rob Carsson;2015;3;10498
3;Rob Carsson;2015;3;10503
3;Rob Carsson;2015;3;10543
3;Rob Carsson;2015;3;10556
3;Rob Carsson;2015;4;10259
3;Rob Carsson;2015;4;10388
3;Rob Carsson;2015;4;10542
3;Rob Carsson;2016;1;10398
3;Rob Carsson;2016;1;10475
3;Rob Carsson;2016;1;10552
3;Rob Carsson;2016;2;10309
3;Rob Carsson;2016;2;10395
3;Rob Carsson;2016;3;10312
3;Rob Carsson;2016;3;10314
3;Rob Carsson;2016;3;10523
3;Rob Carsson;2016;3;10572
3;Rob Carsson;2016;3;10581
3;Rob Carsson;2016;3;10612
3;Rob Carsson;2016;3;10654
3;Rob Carsson;2016;3;10688
3;Rob Carsson;2016;3;10697
3;Rob Carsson;2016;3;10718
3;Rob Carsson;2016;3;10740
3;Rob Carsson;2016;3;10742
3;Rob Carsson;2016;3;10751
3;Rob Carsson;2016;3;10783
3;Rob Carsson;2016;4;10256
3;Rob Carsson;2016;4;10299
3;Rob Carsson;2016;4;10520
3;Rob Carsson;2016;4;10582
3;Rob Carsson;2016;4;10587
3;Rob Carsson;2016;4;10596
3;Rob Carsson;2016;4;10601
3;Rob Carsson;2016;4;10614
3;Rob Carsson;2016;4;10630
3;Rob Carsson;2016;4;10637
3;Rob Carsson;2016;4;10639
3;Rob Carsson;2016;4;10642
3;Rob Carsson;2016;4;10647
3;Rob Carsson;2016;4;10661
3;Rob Carsson;2016;4;10669
3;Rob Carsson;2016;4;10672
3;Rob Carsson;2016;4;10682
3;Rob Carsson;2017;1;10330
3;Rob Carsson;2017;1;10578
3;Rob Carsson;2017;1;10591
3;Rob Carsson;2017;1;10624
3;Rob Carsson;2017;1;10625
3;Rob Carsson;2017;1;10646
3;Rob Carsson;2017;1;10650
3;Rob Carsson;2017;1;10687
3;Rob Carsson;2017;1;10696
3;Rob Carsson;2017;1;10709
3;Rob Carsson;2017;1;10712
3;Rob Carsson;2017;1;10725
3;Rob Carsson;2017;1;10726
3;Rob Carsson;2017;1;10728
3;Rob Carsson;2017;1;10737
3;Rob Carsson;2017;1;10769
3;Rob Carsson;2017;1;10770
3;Rob Carsson;2017;1;10775
3;Rob Carsson;2017;1;10777
3;Rob Carsson;2017;1;10780
3;Rob Carsson;2017;1;10786
3;Rob Carsson;2017;1;10790
3;Rob Carsson;2017;1;10794
3;Rob Carsson;2017;2;10652
3;Rob Carsson;2017;2;10804
3;Rob Carsson;2017;2;10815
3;Rob Carsson;2017;2;10868
3;Rob Carsson;2017;2;10892
3;Rob Carsson;2017;2;10898
3;Rob Carsson;2017;2;10904
3;Rob Carsson;2017;2;10913
3;Rob Carsson;2017;2;10919
3;Rob Carsson;2017;2;10924
3;Rob Carsson;2017;2;10933
3;Rob Carsson;2017;2;10961
3;Rob Carsson;2017;2;11056
3;Rob Carsson;2017;3;10321
3;Rob Carsson;2017;3;10355
3;Rob Carsson;2017;3;10796
3;Rob Carsson;2017;3;10861
3;Rob Carsson;2017;3;10866
3;Rob Carsson;2017;3;10886
3;Rob Carsson;2017;3;10921
3;Rob Carsson;2017;3;10954
3;Rob Carsson;2017;3;10957
3;Rob Carsson;2017;3;10958
3;Rob Carsson;2017;3;10984
3;Rob Carsson;2017;3;10986
3;Rob Carsson;2017;3;10989
3;Rob Carsson;2017;3;11000
3;Rob Carsson;2017;3;11003
3;Rob Carsson;2017;3;11014
3;Rob Carsson;2017;3;11019
3;Rob Carsson;2017;3;11023
3;Rob Carsson;2017;3;11024
3;Rob Carsson;2017;3;11039
3;Rob Carsson;2017;3;11052
3;Rob Carsson;2017;3;11063
3;Rob Carsson;2017;3;11068
3;Rob Carsson;2017;3;11074
3;Rob Carsson;2017;4;10253
3;Rob Carsson;2017;4;10531
3;Rob Carsson;2017;4;10811
3;Rob Carsson;2017;4;10817
3;Rob Carsson;2017;4;10820
3;Rob Carsson;2017;4;10834
3;Rob Carsson;2017;4;10857
3;Rob Carsson;2017;4;10864
3;Rob Carsson;2017;4;10877
3;Rob Carsson;2017;4;10881
3;Rob Carsson;2017;4;10889
3;Rob Carsson;2017;4;10899
3;Rob Carsson;2017;4;10901
3;Rob Carsson;2017;4;10903
3;Rob Carsson;2017;4;10912
3;Rob Carsson;2017;4;10914
3;Rob Carsson;2017;4;10926
3;Rob Carsson;2017;4;10947
3;Rob Carsson;2017;4;10960
3;Rob Carsson;2017;4;10987
3;Rob Carsson;2018;1;10341
3;Rob Carsson;2018;1;10507
3;Rob Carsson;2018;1;10848
3;Rob Carsson;2018;1;10980
3;Rob Carsson;2018;1;11047
3;Rob Carsson;2018;1;11065
3;Rob Carsson;2018;2;10803
3;Rob Carsson;2018;2;10808
5;Ingrid Hendrix;2016;1;10413
5;Ingrid Hendrix;2016;1;10450
5;Ingrid Hendrix;2016;2;10436
5;Ingrid Hendrix;2016;3;10328
5;Ingrid Hendrix;2016;3;10459
5;Ingrid Hendrix;2016;3;10489
5;Ingrid Hendrix;2016;3;10500
5;Ingrid Hendrix;2016;3;10628
5;Ingrid Hendrix;2016;3;10648
5;Ingrid Hendrix;2016;3;10747
5;Ingrid Hendrix;2016;3;10768
5;Ingrid Hendrix;2016;3;10773
5;Ingrid Hendrix;2016;4;10265
5;Ingrid Hendrix;2016;4;10282
5;Ingrid Hendrix;2016;4;10334
5;Ingrid Hendrix;2016;4;10584
5;Ingrid Hendrix;2016;4;10649
5;Ingrid Hendrix;2016;4;10667
5;Ingrid Hendrix;2016;4;10679
5;Ingrid Hendrix;2017;1;10326
5;Ingrid Hendrix;2017;1;10331
5;Ingrid Hendrix;2017;1;10686
5;Ingrid Hendrix;2017;1;10715
5;Ingrid Hendrix;2017;1;10755
5;Ingrid Hendrix;2017;1;10771
5;Ingrid Hendrix;2017;2;10360
5;Ingrid Hendrix;2017;2;10426
5;Ingrid Hendrix;2017;2;10832
5;Ingrid Hendrix;2017;2;10854
5;Ingrid Hendrix;2017;2;10858
5;Ingrid Hendrix;2017;2;10888
5;Ingrid Hendrix;2017;2;10917
5;Ingrid Hendrix;2017;2;10948
5;Ingrid Hendrix;2017;2;10963
5;Ingrid Hendrix;2017;2;10973
5;Ingrid Hendrix;2017;3;10252
5;Ingrid Hendrix;2017;3;10303
5;Ingrid Hendrix;2017;3;10477
5;Ingrid Hendrix;2017;3;10484
5;Ingrid Hendrix;2017;3;10911
5;Ingrid Hendrix;2017;3;11042
5;Ingrid Hendrix;2017;3;11062
5;Ingrid Hendrix;2017;3;11076
5;Ingrid Hendrix;2017;4;10274
5;Ingrid Hendrix;2017;4;10397
5;Ingrid Hendrix;2017;4;10887
5;Ingrid Hendrix;2017;4;10927
5;Ingrid Hendrix;2018;1;10306
5;Ingrid Hendrix;2018;1;10352
5;Ingrid Hendrix;2018;1;10353
5;Ingrid Hendrix;2018;1;10529
5;Ingrid Hendrix;2018;1;10872
5;Ingrid Hendrix;2018;1;11035
7;Tom Lindwall;2015;4;10533
7;Tom Lindwall;2016;1;10451
7;Tom Lindwall;2016;1;10534
7;Tom Lindwall;2016;2;10356
7;Tom Lindwall;2016;2;10418
7;Tom Lindwall;2016;2;10419
7;Tom Lindwall;2016;2;10437
7;Tom Lindwall;2016;3;10399
7;Tom Lindwall;2016;3;10430
7;Tom Lindwall;2016;3;10509
7;Tom Lindwall;2016;3;10547
7;Tom Lindwall;2016;3;10580
7;Tom Lindwall;2016;3;10653
7;Tom Lindwall;2016;3;10671
7;Tom Lindwall;2016;3;10731
7;Tom Lindwall;2016;3;10757
7;Tom Lindwall;2016;3;10795
7;Tom Lindwall;2016;4;10249
7;Tom Lindwall;2016;4;10264
7;Tom Lindwall;2016;4;10279
7;Tom Lindwall;2016;4;10284
7;Tom Lindwall;2016;4;10313
7;Tom Lindwall;2016;4;10464
7;Tom Lindwall;2016;4;10510
7;Tom Lindwall;2016;4;10583
7;Tom Lindwall;2016;4;10588
7;Tom Lindwall;2016;4;10595
7;Tom Lindwall;2016;4;10623
7;Tom Lindwall;2016;4;10627
7;Tom Lindwall;2016;4;10632
7;Tom Lindwall;2016;4;10636
7;Tom Lindwall;2016;4;10670
7;Tom Lindwall;2016;4;10674
7;Tom Lindwall;2016;4;10684
7;Tom Lindwall;2016;4;10691
7;Tom Lindwall;2017;1;10251
7;Tom Lindwall;2017;1;10273
7;Tom Lindwall;2017;1;10349
7;Tom Lindwall;2017;1;10378
7;Tom Lindwall;2017;1;10438
7;Tom Lindwall;2017;1;10501
7;Tom Lindwall;2017;1;10575
7;Tom Lindwall;2017;1;10585
7;Tom Lindwall;2017;1;10593
7;Tom Lindwall;2017;1;10658
7;Tom Lindwall;2017;1;10694
7;Tom Lindwall;2017;1;10699
7;Tom Lindwall;2017;1;10702
7;Tom Lindwall;2017;1;10732
7;Tom Lindwall;2017;1;10735
7;Tom Lindwall;2017;1;10744
7;Tom Lindwall;2017;1;10748
7;Tom Lindwall;2017;1;10765
7;Tom Lindwall;2017;1;10776
7;Tom Lindwall;2017;2;10367
7;Tom Lindwall;2017;2;10824
7;Tom Lindwall;2017;2;10835
7;Tom Lindwall;2017;2;10860
7;Tom Lindwall;2017;2;10862
7;Tom Lindwall;2017;2;10879
7;Tom Lindwall;2017;2;10880
7;Tom Lindwall;2017;2;10902
7;Tom Lindwall;2017;2;10952
7;Tom Lindwall;2017;2;11020
7;Tom Lindwall;2017;3;10333
7;Tom Lindwall;2017;3;10348
7;Tom Lindwall;2017;3;10354
7;Tom Lindwall;2017;3;10536
7;Tom Lindwall;2017;3;10548
7;Tom Lindwall;2017;3;10554
7;Tom Lindwall;2017;3;10812
7;Tom Lindwall;2017;3;10827
7;Tom Lindwall;2017;3;10905
7;Tom Lindwall;2017;3;10996
7;Tom Lindwall;2017;3;11008
7;Tom Lindwall;2017;3;11012
7;Tom Lindwall;2017;3;11025
7;Tom Lindwall;2017;3;11058
7;Tom Lindwall;2017;3;11064
7;Tom Lindwall;2017;4;10258
7;Tom Lindwall;2017;4;10263
7;Tom Lindwall;2017;4;10270
7;Tom Lindwall;2017;4;10277
7;Tom Lindwall;2017;4;10290
7;Tom Lindwall;2017;4;10295
7;Tom Lindwall;2017;4;10396
7;Tom Lindwall;2017;4;10538
7;Tom Lindwall;2017;4;10845
7;Tom Lindwall;2017;4;10878
7;Tom Lindwall;2017;4;10883
7;Tom Lindwall;2017;4;10894
7;Tom Lindwall;2017;4;10908
7;Tom Lindwall;2017;4;10938
7;Tom Lindwall;2017;4;10962
7;Tom Lindwall;2018;1;10322
7;Tom Lindwall;2018;1;10342
7;Tom Lindwall;2018;1;10345
7;Tom Lindwall;2018;1;10361
7;Tom Lindwall;2018;1;10557
7;Tom Lindwall;2018;1;10934
7;Tom Lindwall;2018;1;10994
7;Tom Lindwall;2018;1;10999
7;Tom Lindwall;2018;1;11011
7;Tom Lindwall;2018;1;11017
7;Tom Lindwall;2018;2;10809
9;Helen Brolin;2015;2;10443
9;Helen Brolin;2015;3;10400
9;Helen Brolin;2015;3;10429
9;Helen Brolin;2015;3;10444
9;Helen Brolin;2015;3;10452
9;Helen Brolin;2015;3;10457
9;Helen Brolin;2015;3;10494
9;Helen Brolin;2015;3;10499
9;Helen Brolin;2015;3;10504
9;Helen Brolin;2015;3;10506
9;Helen Brolin;2015;3;10553
9;Helen Brolin;2015;3;10567
9;Helen Brolin;2015;4;10393
9;Helen Brolin;2015;4;10468
9;Helen Brolin;2015;4;10516
9;Helen Brolin;2015;4;10541
9;Helen Brolin;2016;1;10461
9;Helen Brolin;2016;1;10485
9;Helen Brolin;2016;1;10486
9;Helen Brolin;2016;1;10517
9;Helen Brolin;2016;1;10519
9;Helen Brolin;2016;1;10535
9;Helen Brolin;2016;1;10563
9;Helen Brolin;2016;2;10389
9;Helen Brolin;2016;2;10445
9;Helen Brolin;2016;2;10678
9;Helen Brolin;2016;2;10733
9;Helen Brolin;2016;3;10315
9;Helen Brolin;2016;3;10335
9;Helen Brolin;2016;3;10359
9;Helen Brolin;2016;3;10573
9;Helen Brolin;2016;3;10673
9;Helen Brolin;2016;3;10689
9;Helen Brolin;2016;3;10695
9;Helen Brolin;2016;3;10705
9;Helen Brolin;2016;3;10722
9;Helen Brolin;2016;3;10782
9;Helen Brolin;2016;4;10257
9;Helen Brolin;2016;4;10275
9;Helen Brolin;2016;4;10301
9;Helen Brolin;2016;4;10599
9;Helen Brolin;2016;4;10613
9;Helen Brolin;2016;4;10626
9;Helen Brolin;2016;4;10641
9;Helen Brolin;2016;4;10645
9;Helen Brolin;2016;4;10651
9;Helen Brolin;2016;4;10660
9;Helen Brolin;2016;4;10677
9;Helen Brolin;2017;1;10346
9;Helen Brolin;2017;1;10690
9;Helen Brolin;2017;1;10701
9;Helen Brolin;2017;1;10713
9;Helen Brolin;2017;1;10734
9;Helen Brolin;2017;1;10736
9;Helen Brolin;2017;1;10739
9;Helen Brolin;2017;1;10741
9;Helen Brolin;2017;1;10761
9;Helen Brolin;2017;1;10778
9;Helen Brolin;2017;1;10785
9;Helen Brolin;2017;1;10787
9;Helen Brolin;2017;2;10387
9;Helen Brolin;2017;2;10417
9;Helen Brolin;2017;2;10420
9;Helen Brolin;2017;2;10823
9;Helen Brolin;2017;2;10829
9;Helen Brolin;2017;2;10837
9;Helen Brolin;2017;2;10841
9;Helen Brolin;2017;2;10849
9;Helen Brolin;2017;2;10856
9;Helen Brolin;2017;2;10893
9;Helen Brolin;2017;2;10900
9;Helen Brolin;2017;2;10925
9;Helen Brolin;2017;2;10951
9;Helen Brolin;2017;2;10953
9;Helen Brolin;2017;2;10955
9;Helen Brolin;2017;2;10959
9;Helen Brolin;2017;2;10976
9;Helen Brolin;2017;2;11002
9;Helen Brolin;2017;3;10458
9;Helen Brolin;2017;3;10490
9;Helen Brolin;2017;3;10798
9;Helen Brolin;2017;3;10799
9;Helen Brolin;2017;3;10838
9;Helen Brolin;2017;3;10839
9;Helen Brolin;2017;3;10840
9;Helen Brolin;2017;3;10875
9;Helen Brolin;2017;3;10895
9;Helen Brolin;2017;3;10937
9;Helen Brolin;2017;3;10985
9;Helen Brolin;2017;3;11015
9;Helen Brolin;2017;3;11032
9;Helen Brolin;2017;3;11034
9;Helen Brolin;2017;3;11043
9;Helen Brolin;2017;3;11054
9;Helen Brolin;2017;3;11055
9;Helen Brolin;2017;3;11059
9;Helen Brolin;2017;3;11066
9;Helen Brolin;2017;4;10532
9;Helen Brolin;2017;4;10863
9;Helen Brolin;2017;4;10884
9;Helen Brolin;2017;4;10897
9;Helen Brolin;2017;4;10910
9;Helen Brolin;2017;4;10922
9;Helen Brolin;2017;4;10940
9;Helen Brolin;2017;4;10946
9;Helen Brolin;2017;4;10969
9;Helen Brolin;2017;4;11049
9;Helen Brolin;2018;1;10318
9;Helen Brolin;2018;1;10373
9;Helen Brolin;2018;1;10380
9;Helen Brolin;2018;1;10802
9;Helen Brolin;2018;1;10978
9;Helen Brolin;2018;1;10981
9;Helen Brolin;2018;1;10983
9;Helen Brolin;2018;1;10997
9;Helen Brolin;2018;1;11004
9;Helen Brolin;2018;1;11022
9;Helen Brolin;2018;1;11028
9;Helen Brolin;2018;1;11071
9;Helen Brolin;2018;1;11077
9;Helen Brolin;2018;2;10800
11;Rock Rollman;2015;1;10276
11;Rock Rollman;2015;1;10329
11;Rock Rollman;2015;1;10339
11;Rock Rollman;2015;1;10351
11;Rock Rollman;2015;1;10369
11;Rock Rollman;2015;1;10377
11;Rock Rollman;2015;2;10410
11;Rock Rollman;2015;2;10431
11;Rock Rollman;2015;2;10441
11;Rock Rollman;2015;2;10446
11;Rock Rollman;2015;2;10564
11;Rock Rollman;2015;3;10302
11;Rock Rollman;2015;3;10310
11;Rock Rollman;2015;3;10317
11;Rock Rollman;2015;3;10370
11;Rock Rollman;2015;3;10390
11;Rock Rollman;2015;3;10439
11;Rock Rollman;2015;3;10455
11;Rock Rollman;2015;3;10493
11;Rock Rollman;2015;3;10505
11;Rock Rollman;2015;3;10528
11;Rock Rollman;2015;4;10307
11;Rock Rollman;2015;4;10511
11;Rock Rollman;2015;4;10514
11;Rock Rollman;2015;4;10518
11;Rock Rollman;2015;4;10544
11;Rock Rollman;2015;4;10545
11;Rock Rollman;2016;1;10394
11;Rock Rollman;2016;1;10401
11;Rock Rollman;2016;1;10416
11;Rock Rollman;2016;1;10447
11;Rock Rollman;2016;1;10495
11;Rock Rollman;2016;1;10562
11;Rock Rollman;2016;1;10565
11;Rock Rollman;2016;2;10319
11;Rock Rollman;2016;2;10620
11;Rock Rollman;2016;2;10758
11;Rock Rollman;2016;3;10304
11;Rock Rollman;2016;3;10340
11;Rock Rollman;2016;3;10424
11;Rock Rollman;2016;3;10570
11;Rock Rollman;2016;3;10576
11;Rock Rollman;2016;3;10577
11;Rock Rollman;2016;3;10579
11;Rock Rollman;2016;3;10607
11;Rock Rollman;2016;3;10680
11;Rock Rollman;2016;3;10681
11;Rock Rollman;2016;3;10720
11;Rock Rollman;2016;3;10730
11;Rock Rollman;2016;3;10756
11;Rock Rollman;2016;3;10779
11;Rock Rollman;2016;4;10376
11;Rock Rollman;2016;4;10589
11;Rock Rollman;2016;4;10590
11;Rock Rollman;2016;4;10598
11;Rock Rollman;2016;4;10602
11;Rock Rollman;2016;4;10605
11;Rock Rollman;2016;4;10616
11;Rock Rollman;2016;4;10617
11;Rock Rollman;2016;4;10618
11;Rock Rollman;2016;4;10619
11;Rock Rollman;2016;4;10622
11;Rock Rollman;2016;4;10644
11;Rock Rollman;2016;4;10657
11;Rock Rollman;2016;4;10662
11;Rock Rollman;2016;4;10665
11;Rock Rollman;2017;1;10574
11;Rock Rollman;2017;1;10586
11;Rock Rollman;2017;1;10594
11;Rock Rollman;2017;1;10656
11;Rock Rollman;2017;1;10676
11;Rock Rollman;2017;1;10698
11;Rock Rollman;2017;1;10707
11;Rock Rollman;2017;1;10714
11;Rock Rollman;2017;1;10719
11;Rock Rollman;2017;1;10724
11;Rock Rollman;2017;1;10727
11;Rock Rollman;2017;1;10746
11;Rock Rollman;2017;1;10749
11;Rock Rollman;2017;1;10762
11;Rock Rollman;2017;2;10915
11;Rock Rollman;2017;2;10936
11;Rock Rollman;2017;2;10943
11;Rock Rollman;2017;2;10974
11;Rock Rollman;2017;3;10358
11;Rock Rollman;2017;3;10383
11;Rock Rollman;2017;3;10385
11;Rock Rollman;2017;3;10821
11;Rock Rollman;2017;3;10847
11;Rock Rollman;2017;3;10855
11;Rock Rollman;2017;3;10873
11;Rock Rollman;2017;3;10932
11;Rock Rollman;2017;3;10935
11;Rock Rollman;2017;3;10968
11;Rock Rollman;2017;3;10977
11;Rock Rollman;2017;3;10979
11;Rock Rollman;2017;3;10982
11;Rock Rollman;2017;3;10988
11;Rock Rollman;2017;3;10993
11;Rock Rollman;2017;3;11006
11;Rock Rollman;2017;3;11016
11;Rock Rollman;2017;3;11027
11;Rock Rollman;2017;3;11031
11;Rock Rollman;2017;3;11033
11;Rock Rollman;2017;3;11040
11;Rock Rollman;2017;3;11041
11;Rock Rollman;2017;3;11045
11;Rock Rollman;2017;3;11048
11;Rock Rollman;2017;3;11061
11;Rock Rollman;2017;3;11069
11;Rock Rollman;2017;3;11072
11;Rock Rollman;2017;3;11079
11;Rock Rollman;2017;3;11080
11;Rock Rollman;2017;4;10293
11;Rock Rollman;2017;4;10305
11;Rock Rollman;2017;4;10513
11;Rock Rollman;2017;4;10816
11;Rock Rollman;2017;4;10822
11;Rock Rollman;2017;4;10831
11;Rock Rollman;2017;4;10836
11;Rock Rollman;2017;4;10842
11;Rock Rollman;2017;4;10851
11;Rock Rollman;2017;4;10867
11;Rock Rollman;2017;4;10869
11;Rock Rollman;2017;4;10918
11;Rock Rollman;2017;4;10941
11;Rock Rollman;2017;4;10945
11;Rock Rollman;2017;4;11018
11;Rock Rollman;2018;1;10332
11;Rock Rollman;2018;1;10411
11;Rock Rollman;2018;1;10930
11;Rock Rollman;2018;1;10949
11;Rock Rollman;2018;1;11081
11;Rock Rollman;2018;2;10810
14;Joan Callins;2015;1;10366
14;Joan Callins;2015;1;10371
14;Joan Callins;2015;2;10449
14;Joan Callins;2015;2;10559
14;Joan Callins;2015;3;10402
14;Joan Callins;2015;3;10433
14;Joan Callins;2015;3;10491
14;Joan Callins;2015;3;10546
14;Joan Callins;2015;3;10551
14;Joan Callins;2015;4;10427
14;Joan Callins;2015;4;10525
14;Joan Callins;2016;1;10392
14;Joan Callins;2016;1;10403
14;Joan Callins;2016;1;10425
14;Joan Callins;2016;1;10478
14;Joan Callins;2016;1;10530
14;Joan Callins;2016;1;10566
14;Joan Callins;2016;1;10568
14;Joan Callins;2016;2;10597
14;Joan Callins;2016;3;10571
14;Joan Callins;2016;3;10738
14;Joan Callins;2016;4;10281
14;Joan Callins;2016;4;10610
14;Joan Callins;2016;4;10629
14;Joan Callins;2016;4;10760
14;Joan Callins;2017;1;10336
14;Joan Callins;2017;1;10550
14;Joan Callins;2017;1;10600
14;Joan Callins;2017;1;10767
14;Joan Callins;2017;2;10814
14;Joan Callins;2017;2;10828
14;Joan Callins;2017;2;10843
14;Joan Callins;2017;2;10846
14;Joan Callins;2017;2;10850
14;Joan Callins;2017;2;10896
14;Joan Callins;2017;2;10907
14;Joan Callins;2017;2;10928
14;Joan Callins;2017;2;10970
14;Joan Callins;2017;2;10972
14;Joan Callins;2017;2;11078
14;Joan Callins;2017;3;10297
14;Joan Callins;2017;3;10844
14;Joan Callins;2017;3;10882
14;Joan Callins;2017;3;11009
14;Joan Callins;2017;3;11013
14;Joan Callins;2017;3;11037
14;Joan Callins;2017;3;11053
14;Joan Callins;2017;3;11082
14;Joan Callins;2017;4;10876
14;Joan Callins;2017;4;10885
14;Joan Callins;2017;4;10923
14;Joan Callins;2018;1;10826
14;Joan Callins;2018;1;10964
14;Joan Callins;2018;1;11007
14;Joan Callins;2018;2;10801
14;Joan Callins;2018;2;10806
56;Lennart Skoglund;2014;4;10300
56;Lennart Skoglund;2015;1;10375
56;Lennart Skoglund;2015;2;10422
56;Lennart Skoglund;2015;2;10432
56;Lennart Skoglund;2015;2;10467
56;Lennart Skoglund;2015;2;10472
56;Lennart Skoglund;2015;2;10480
56;Lennart Skoglund;2015;2;10482
56;Lennart Skoglund;2015;3;10404
56;Lennart Skoglund;2015;3;10454
56;Lennart Skoglund;2015;3;10537
56;Lennart Skoglund;2015;3;10555
56;Lennart Skoglund;2016;1;10316
56;Lennart Skoglund;2016;1;10408
56;Lennart Skoglund;2016;1;10434
56;Lennart Skoglund;2016;1;10558
56;Lennart Skoglund;2016;3;10609
56;Lennart Skoglund;2016;3;10633
56;Lennart Skoglund;2016;3;10635
56;Lennart Skoglund;2016;3;10700
56;Lennart Skoglund;2016;3;10763
56;Lennart Skoglund;2016;3;10789
56;Lennart Skoglund;2016;4;10288
56;Lennart Skoglund;2016;4;10634
56;Lennart Skoglund;2016;4;10655
56;Lennart Skoglund;2016;4;10666
56;Lennart Skoglund;2016;4;10683
56;Lennart Skoglund;2016;4;10784
56;Lennart Skoglund;2017;1;10604
56;Lennart Skoglund;2017;1;10663
56;Lennart Skoglund;2017;1;10710
56;Lennart Skoglund;2017;1;10753
56;Lennart Skoglund;2017;1;10754
56;Lennart Skoglund;2017;1;11083
56;Lennart Skoglund;2017;2;10428
56;Lennart Skoglund;2017;2;10931
56;Lennart Skoglund;2017;2;10939
56;Lennart Skoglund;2017;2;10966
56;Lennart Skoglund;2017;3;10255
56;Lennart Skoglund;2017;3;10805
56;Lennart Skoglund;2017;3;10890
56;Lennart Skoglund;2017;3;10942
56;Lennart Skoglund;2017;3;11010
56;Lennart Skoglund;2017;3;11026
56;Lennart Skoglund;2017;3;11030
56;Lennart Skoglund;2017;3;11038
56;Lennart Skoglund;2017;3;11046
56;Lennart Skoglund;2017;3;11060
56;Lennart Skoglund;2017;4;10311
56;Lennart Skoglund;2017;4;10807
56;Lennart Skoglund;2017;4;10818
56;Lennart Skoglund;2018;1;10950
56;Lennart Skoglund;2018;1;10975
56;Lennart Skoglund;2018;1;11050
56;Lennart Skoglund;2018;1;11075
68;Leif Shine;2014;3;10286
68;Leif Shine;2014;3;10337
68;Leif Shine;2014;3;10374
68;Leif Shine;2015;1;10338
68;Leif Shine;2015;1;10362
68;Leif Shine;2015;2;10343
68;Leif Shine;2015;2;10407
68;Leif Shine;2015;2;10448
68;Leif Shine;2015;2;10479
68;Leif Shine;2015;3;10412
68;Leif Shine;2015;3;10453
68;Leif Shine;2015;3;10488
68;Leif Shine;2015;3;10492
68;Leif Shine;2015;3;10502
68;Leif Shine;2015;3;10508
68;Leif Shine;2015;3;10515
68;Leif Shine;2015;3;10522
68;Leif Shine;2015;3;10540
68;Leif Shine;2015;4;10285
68;Leif Shine;2015;4;10526
68;Leif Shine;2015;4;10539
68;Leif Shine;2016;1;10391
68;Leif Shine;2016;1;10560
68;Leif Shine;2016;1;10561
68;Leif Shine;2016;2;10569
68;Leif Shine;2016;2;10668
68;Leif Shine;2016;3;10474
68;Leif Shine;2016;3;10497
68;Leif Shine;2016;3;10675
68;Leif Shine;2016;3;10692
68;Leif Shine;2016;3;10706
68;Leif Shine;2016;3;10745
68;Leif Shine;2016;3;10750
68;Leif Shine;2016;3;10774
68;Leif Shine;2016;4;10289
68;Leif Shine;2016;4;10603
68;Leif Shine;2016;4;10608
68;Leif Shine;2016;4;10611
68;Leif Shine;2016;4;10621
68;Leif Shine;2016;4;10631
68;Leif Shine;2016;4;10640
68;Leif Shine;2016;4;10766
68;Leif Shine;2016;4;10792
68;Leif Shine;2017;1;10260
68;Leif Shine;2017;1;10320
68;Leif Shine;2017;1;10592
68;Leif Shine;2017;1;10615
68;Leif Shine;2017;1;10643
68;Leif Shine;2017;1;10664
68;Leif Shine;2017;1;10703
68;Leif Shine;2017;1;10708
68;Leif Shine;2017;1;10711
68;Leif Shine;2017;1;10717
68;Leif Shine;2017;1;10721
68;Leif Shine;2017;1;10743
68;Leif Shine;2017;1;10764
68;Leif Shine;2017;1;10772
68;Leif Shine;2017;1;10781
68;Leif Shine;2017;1;10788
68;Leif Shine;2017;1;10791
68;Leif Shine;2017;1;10793
68;Leif Shine;2017;2;10267
68;Leif Shine;2017;2;10363
68;Leif Shine;2017;2;10852
68;Leif Shine;2017;2;10853
68;Leif Shine;2017;2;10859
68;Leif Shine;2017;2;10944
68;Leif Shine;2017;3;10549
68;Leif Shine;2017;3;10833
68;Leif Shine;2017;3;10870
68;Leif Shine;2017;3;10871
68;Leif Shine;2017;3;10909
68;Leif Shine;2017;3;10916
68;Leif Shine;2017;3;10929
68;Leif Shine;2017;3;10956
68;Leif Shine;2017;3;10990
68;Leif Shine;2017;3;10991
68;Leif Shine;2017;3;10992
68;Leif Shine;2017;3;10995
68;Leif Shine;2017;3;10998
68;Leif Shine;2017;3;11005
68;Leif Shine;2017;3;11021
68;Leif Shine;2017;3;11029
68;Leif Shine;2017;3;11036
68;Leif Shine;2017;3;11044
68;Leif Shine;2017;3;11051
68;Leif Shine;2017;3;11067
68;Leif Shine;2017;3;11070
68;Leif Shine;2017;3;11073
68;Leif Shine;2017;4;10266
68;Leif Shine;2017;4;10527
68;Leif Shine;2017;4;10825
68;Leif Shine;2017;4;10865
68;Leif Shine;2017;4;10891
68;Leif Shine;2017;4;10906
68;Leif Shine;2017;4;10920
68;Leif Shine;2017;4;10965
68;Leif Shine;2017;4;10967
68;Leif Shine;2017;4;10971
68;Leif Shine;2018;1;10463
68;Leif Shine;2018;1;10797
68;Leif Shine;2018;1;10813
68;Leif Shine;2018;1;11001
